# ************************************************************
# Sequel Pro SQL dump
# Version 4004
#
# http://www.sequelpro.com/
# http://code.google.com/p/sequel-pro/
#
# Host: localhost (MySQL 5.5.32-MariaDB)
# Datenbank: thw
# Erstellungsdauer: 2013-10-04 14:29:45 +0200
# ************************************************************


/*!40101 SET @OLD_CHARACTER_SET_CLIENT=@@CHARACTER_SET_CLIENT */;
/*!40101 SET @OLD_CHARACTER_SET_RESULTS=@@CHARACTER_SET_RESULTS */;
/*!40101 SET @OLD_COLLATION_CONNECTION=@@COLLATION_CONNECTION */;
/*!40101 SET NAMES utf8 */;
/*!40014 SET @OLD_FOREIGN_KEY_CHECKS=@@FOREIGN_KEY_CHECKS, FOREIGN_KEY_CHECKS=0 */;
/*!40101 SET @OLD_SQL_MODE=@@SQL_MODE, SQL_MODE='NO_AUTO_VALUE_ON_ZERO' */;
/*!40111 SET @OLD_SQL_NOTES=@@SQL_NOTES, SQL_NOTES=0 */;

# Table drop
# ------------------------------------------------------------

DROP TABLE IF EXISTS `job`;
DROP TABLE IF EXISTS `station`;
DROP TABLE IF EXISTS `teilnehmer`;

# Table creation
# ------------------------------------------------------------

CREATE TABLE `station` (
  `stationID` tinyint(3) unsigned NOT NULL AUTO_INCREMENT,
  `krzl` varchar(5) DEFAULT NULL,
  `name` varchar(30) DEFAULT NULL,
  `type` enum('1','2','3','4','5','6','T','M','P') DEFAULT NULL,
  `min` tinyint(3) unsigned DEFAULT NULL,
  `max` tinyint(3) unsigned DEFAULT NULL,
  `dauer` tinyint(3) unsigned DEFAULT NULL,
  `pauseReq` tinyint(3) unsigned DEFAULT NULL,
  PRIMARY KEY (`stationID`)
) ENGINE=InnoDB DEFAULT CHARSET=utf8;

CREATE TABLE `teilnehmer` (
  `teilnehmerID` tinyint(3) unsigned NOT NULL AUTO_INCREMENT,
  `name` varchar(50) DEFAULT NULL,
  `ov` varchar(30) DEFAULT NULL,
  PRIMARY KEY (`teilnehmerID`)
) ENGINE=InnoDB DEFAULT CHARSET=utf8;

CREATE TABLE `job` (
  `jobID` smallint(5) unsigned NOT NULL AUTO_INCREMENT,
  `station` tinyint(3) unsigned NOT NULL,
  `teilnehmer` tinyint(3) unsigned NOT NULL,
  `start` datetime NOT NULL,
  `end` datetime DEFAULT NULL,
  `counts` tinyint(3) unsigned NOT NULL DEFAULT '1',
  PRIMARY KEY (`jobID`),
  UNIQUE KEY `station` (`station`,`teilnehmer`),
  KEY `job_station` (`station`),
  KEY `job_teilnehmer` (`teilnehmer`),
  CONSTRAINT `thw_job_station` FOREIGN KEY (`station`) REFERENCES `station` (`stationID`),
  CONSTRAINT `thw_job_teilnehmer` FOREIGN KEY (`teilnehmer`) REFERENCES `teilnehmer` (`teilnehmerID`)
) ENGINE=InnoDB DEFAULT CHARSET=utf8;

# Export von Tabelle station
# ------------------------------------------------------------

LOCK TABLES `station` WRITE;
/*!40000 ALTER TABLE `station` DISABLE KEYS */;

INSERT INTO `station` (`stationID`, `krzl`, `name`, `type`, `min`, `max`, `dauer`, `pauseReq`)
VALUES
	(1,'1','Hans Maier (PCH)','1',1,1,NULL,1),
	(2,'2','Till Mustermann (BER)','2',1,1,NULL,1),
	(3,'3','Sandra Müller (MUC)','3',1,1,NULL,1),
	(4,'4','Roland Schmidt (HRO)','4',1,1,NULL,1),
	(5,'5','Peter Maier (DBR)','5',1,1,NULL,1),
	(6,'6','Sascha (HST)','6',1,1,NULL,1),
	(7,'T','Alex und Felix (HHH)','T',3,4,NULL,1),
	(8,'M','Mittagessen','M',0,10,30,0),
	(9,'P','Pause','P',0,5,15,0),
	(10,'4b','Jan','4',1,1,NULL,1),
	(11,'1b','Robert','1',1,1,NULL,1),
	(12,'3b','Axel','3',1,1,NULL,1),
	(13,'5b','Fiete','5',1,1,NULL,1);

/*!40000 ALTER TABLE `station` ENABLE KEYS */;
UNLOCK TABLES;


# Export von Tabelle teilnehmer
# ------------------------------------------------------------

LOCK TABLES `teilnehmer` WRITE;
/*!40000 ALTER TABLE `teilnehmer` DISABLE KEYS */;

INSERT INTO `teilnehmer` (`teilnehmerID`, `name`, `ov`)
VALUES
	(1,'Vorname_1, Nachname_1','OV1'),
	(2,'Vorname_2, Nachname_2','OV2'),
	(5,'Vorname_5, Nachname_5','OV5'),
	(7,'Vorname_7, Nachname_7','OV7'),
	(8,'Vorname_8, Nachname_8','OV8'),
	(9,'Vorname_9, Nachname_9','OV9'),
	(10,'Vorname_10, Nachname_10','OV10'),
	(11,'Vorname_11, Nachname_11','OV11'),
	(12,'Vorname_12, Nachname_12','OV12'),
	(14,'Vorname_14, Nachname_14','OV14'),
	(15,'Vorname_15, Nachname_15','OV15'),
	(16,'Vorname_16, Nachname_16','OV16'),
	(17,'Vorname_17, Nachname_17','OV17'),
	(18,'Vorname_18, Nachname_18','OV18'),
	(19,'Vorname_19, Nachname_19','OV19'),
	(20,'Vorname_20, Nachname_20','OV20'),
	(21,'Vorname_21, Nachname_21','OV21'),
	(22,'Vorname_22, Nachname_22','OV22'),
	(23,'Vorname_23, Nachname_23','OV23');

/*!40000 ALTER TABLE `teilnehmer` ENABLE KEYS */;
UNLOCK TABLES;


# Export von Tabelle job
# ------------------------------------------------------------

LOCK TABLES `job` WRITE;
/*!40000 ALTER TABLE `job` DISABLE KEYS */;

INSERT INTO `job` (`jobID`, `station`, `teilnehmer`, `start`, `end`, `counts`)
VALUES
	(82,1,14,'2013-09-28 09:19:02','2013-09-28 10:03:26',1),
	(83,2,23,'2013-09-28 09:22:52','2013-09-28 09:50:46',1),
	(84,3,9,'2013-09-28 09:24:33','2013-09-28 10:06:25',1),
	(86,5,15,'2013-09-28 09:25:44','2013-09-28 09:50:30',1),
	(88,7,18,'2013-09-28 09:28:36','2013-09-28 10:00:58',1),
	(89,7,2,'2013-09-28 09:28:44','2013-09-28 10:00:50',1),
	(91,7,12,'2013-09-28 09:28:56','2013-09-28 10:00:55',1),
	(92,6,22,'2013-09-28 09:30:20','2013-09-28 09:59:32',1),
	(93,2,5,'2013-09-28 09:51:14','2013-09-28 10:14:18',1),
	(94,5,20,'2013-09-28 09:53:23','2013-09-28 10:19:43',1),
	(96,1,11,'2013-09-28 10:03:42','2013-09-28 10:44:37',1),
	(97,3,7,'2013-09-28 10:06:43','2013-09-28 11:02:52',1),
	(98,7,16,'2013-09-28 10:09:39','2013-09-28 10:42:21',1),
	(99,7,10,'2013-09-28 10:09:46','2013-09-28 10:42:16',1),
	(101,7,23,'2013-09-28 10:10:10','2013-09-28 10:42:24',1),
	(102,2,1,'2013-09-28 10:14:41','2013-09-28 10:38:01',1),
	(103,5,21,'2013-09-28 10:23:38','2013-09-28 11:02:06',1),
	(104,4,22,'2013-09-28 10:24:13','2013-09-28 10:45:26',1),
	(106,2,19,'2013-09-28 10:38:25','2013-09-28 11:00:17',1),
	(107,7,9,'2013-09-28 10:42:39','2013-09-28 11:06:10',1),
	(108,7,17,'2013-09-28 10:42:46','2013-09-28 11:06:15',1),
	(109,7,20,'2013-09-28 10:42:48','2013-09-28 11:06:17',1),
	(111,4,18,'2013-09-28 10:45:42','2013-09-28 11:06:37',1),
	(112,1,12,'2013-09-28 10:46:03','2013-09-28 11:23:48',1),
	(113,6,5,'2013-09-28 10:47:48','2013-09-28 11:11:53',1),
	(114,2,8,'2013-09-28 11:00:26','2013-09-28 11:24:15',1),
	(116,3,15,'2013-09-28 11:03:43','2013-09-28 11:39:14',1),
	(117,5,1,'2013-09-28 11:05:13','2013-09-28 11:31:35',1),
	(118,4,16,'2013-09-28 11:07:11','2013-09-28 11:30:49',1),
	(119,7,11,'2013-09-28 11:10:32','2013-09-28 11:38:15',1),
	(121,7,21,'2013-09-28 11:10:35','2013-09-28 11:38:17',1),
	(122,7,7,'2013-09-28 11:10:37','2013-09-28 11:38:13',1),
	(123,6,23,'2013-09-28 11:12:04','2013-09-28 11:37:58',1),
	(126,1,2,'2013-09-28 11:27:32','2013-09-28 12:02:38',1),
	(127,5,19,'2013-09-28 11:31:47','2013-09-28 11:59:58',1),
	(128,4,14,'2013-09-28 11:33:15','2013-09-28 11:54:46',1),
	(129,10,20,'2013-09-28 11:36:49','2013-09-28 11:57:34',1),
	(131,2,18,'2013-09-28 11:41:45','2013-09-28 11:58:12',1),
	(132,7,5,'2013-09-28 11:41:52','2013-09-28 12:08:53',1),
	(133,7,8,'2013-09-28 11:41:53','2013-09-28 12:08:55',1),
	(134,7,1,'2013-09-28 11:41:54','2013-09-28 12:08:51',1),
	(136,4,23,'2013-09-28 11:55:06','2013-09-28 12:25:08',1),
	(137,10,7,'2013-09-28 11:58:06','2013-09-28 12:26:48',1),
	(138,2,16,'2013-09-28 11:58:32','2013-09-28 12:18:38',1),
	(139,5,10,'2013-09-28 12:00:08','2013-09-28 12:37:56',1),
	(141,6,11,'2013-09-28 12:08:42','2013-09-28 12:39:31',1),
	(142,2,22,'2013-09-28 12:19:03','2013-09-28 12:38:54',1),
	(144,4,15,'2013-09-28 12:25:32','2013-09-28 12:45:28',1),
	(146,1,18,'2013-09-28 12:34:16','2013-09-28 12:55:00',1),
	(148,5,14,'2013-09-28 12:38:12','2013-09-28 13:03:53',1),
	(149,2,2,'2013-09-28 12:39:05','2013-09-28 12:55:35',1),
	(153,10,12,'2013-09-28 12:46:03','2013-09-28 13:04:20',1),
	(164,6,9,'2013-09-28 13:34:19','2013-09-28 13:52:33',1),
	(166,4,5,'2013-09-28 13:37:38','2013-09-28 13:37:43',1),
	(167,5,11,'2013-09-28 13:38:42','2013-09-28 13:38:48',1),
	(179,2,21,'2013-09-28 13:40:43','2013-09-28 13:56:47',1),
	(181,4,2,'2013-09-28 13:49:23','2013-09-28 14:05:45',1),
	(182,1,8,'2013-09-28 13:50:05','2013-09-28 14:17:31',1),
	(183,6,15,'2013-09-28 13:52:39','2013-09-28 14:13:55',1),
	(184,10,19,'2013-09-28 13:53:24','2013-09-28 14:17:55',1),
	(187,11,16,'2013-09-28 13:55:13','2013-09-28 14:52:17',1),
	(188,12,20,'2013-09-28 13:56:19','2013-09-28 13:56:24',1),
	(189,2,10,'2013-09-28 13:56:57','2013-09-28 14:09:14',1),
	(191,5,22,'2013-09-28 14:04:04','2013-09-28 14:44:00',1),
	(192,12,1,'2013-09-28 14:04:44','2013-09-28 14:44:33',1),
	(193,4,11,'2013-09-28 14:05:59','2013-09-28 14:35:39',1),
	(196,6,18,'2013-09-28 14:17:18','2013-09-28 14:35:02',1),
	(197,1,5,'2013-09-28 14:17:38','2013-09-28 14:58:57',1),
	(198,10,21,'2013-09-28 14:18:05','2013-09-28 14:38:56',1),
	(199,3,14,'2013-09-28 14:21:08','2013-09-28 14:48:18',1),
	(201,6,7,'2013-09-28 14:35:22','2013-09-28 15:08:06',1),
	(202,4,8,'2013-09-28 14:35:52','2013-09-28 14:55:48',1),
	(203,9,2,'2013-09-28 14:38:04','2013-09-28 15:08:11',0),
	(204,9,21,'2013-09-28 14:41:39','2013-09-28 15:08:14',0),
	(206,12,10,'2013-09-28 14:44:45','2013-09-28 15:31:32',1),
	(207,2,15,'2013-09-28 14:45:19','2013-09-28 15:00:36',1),
	(208,10,1,'2013-09-28 14:45:36','2013-09-28 15:03:49',1),
	(209,9,22,'2013-09-28 14:46:16','2013-09-28 15:08:16',0),
	(212,11,20,'2013-09-28 14:53:02','2013-09-28 15:34:18',1),
	(237,1,19,'2013-09-28 16:17:33','2013-09-28 16:19:13',1),
	(238,13,7,'2013-09-28 16:18:34','2013-09-28 16:29:52',1),
	(239,1,10,'2013-09-28 16:19:15','2013-09-28 16:48:15',1),
	(241,11,23,'2013-09-28 16:27:05','2013-09-28 16:45:05',1),
	(242,12,18,'2013-09-28 16:30:04','2013-09-28 16:46:54',1),
	(243,3,2,'2013-09-28 16:31:54','2013-09-29 10:09:00',1),
	(244,6,14,'2013-09-28 16:38:30','2013-09-28 16:38:34',1),
	(246,11,17,'2013-09-28 16:45:08','2013-09-29 10:08:58',1),
	(247,12,16,'2013-09-28 16:46:58','2013-09-29 10:09:03',1),
	(248,1,22,'2013-09-28 16:48:18','2013-09-29 10:08:55',1),
	(249,6,21,'2013-09-28 16:50:26','2013-09-29 10:09:05',1),
	(251,5,8,'2013-09-29 10:17:12','2013-09-29 17:15:32',1),
	(256,7,14,'2013-09-29 10:17:31','2013-09-29 16:55:51',1),
	(257,10,10,'2013-09-29 10:17:35','2013-09-29 17:15:50',1),
	(258,6,1,'2013-09-29 10:17:36','2013-09-29 17:15:34',1),
	(260,13,17,'2013-09-29 10:17:59','2013-09-29 17:15:54',1),
	(261,7,19,'2013-09-29 10:18:06','2013-09-29 17:15:38',1),
	(262,7,15,'2013-09-29 10:18:07','2013-09-29 17:15:45',1),
	(263,7,22,'2013-09-29 10:18:08','2013-09-29 17:15:52',1),
	(264,8,11,'2013-09-29 16:36:11','2013-09-29 17:15:20',0),
	(265,2,20,'2013-09-29 17:08:41','2013-09-29 17:08:42',1),
	(268,2,9,'2013-09-29 17:10:22','2013-09-29 17:15:28',1),
	(269,12,12,'2013-09-29 17:10:23','2013-09-29 17:15:30',1),
	(270,3,5,'2013-09-29 17:15:25','2013-09-29 17:15:36',1),
	(274,4,9,'2013-09-29 17:15:56',NULL,1),
	(275,12,19,'2013-09-29 17:15:58',NULL,1),
	(276,10,17,'2013-09-29 17:16:01',NULL,1);

/*!40000 ALTER TABLE `job` ENABLE KEYS */;
UNLOCK TABLES;



/*!40111 SET SQL_NOTES=@OLD_SQL_NOTES */;
/*!40101 SET SQL_MODE=@OLD_SQL_MODE */;
/*!40014 SET FOREIGN_KEY_CHECKS=@OLD_FOREIGN_KEY_CHECKS */;
/*!40101 SET CHARACTER_SET_CLIENT=@OLD_CHARACTER_SET_CLIENT */;
/*!40101 SET CHARACTER_SET_RESULTS=@OLD_CHARACTER_SET_RESULTS */;
/*!40101 SET COLLATION_CONNECTION=@OLD_COLLATION_CONNECTION */;
